Акрон — Шинник,19.10.2023 в 20:30,1.90,3.55,4.15
Арсенал Тула — Родина Москва,19.10.2023 в 23:00,2.50,3.45,3.00
Крузейро — Фламенго Рио-де-Жанейро,20.10.2023 в 05:00,3.45,3.15,2.25
Палмейрас Сан-Паулу — Атлетико Минейро,20.10.2023 в 05:00,1.90,3.35,4.40
Сантос Сан-Паулу — Брагантино,20.10.2023 в 06:00,3.10,3.25,2.40
Флуминенсе Рио-де-Жанейро — Коринтианс Сан-Паулу,20.10.2023 в 07:30,1.62,3.80,5.80
Баия — Форталеза,22.10.2023 в 04:30,2.30,3.30,3.20
Куяба — Гояс,22.10.2023 в 04:30,1.88,3.35,4.50
Оренбург — Факел,21.10.2023 в 16:00,1.80,3.80,4.70
Рубин — ЦСКА,21.10.2023 в 18:00,3.45,3.55,2.15
Локомотив — Динамо,21.10.2023 в 20:30,2.60,3.65,2.65
Балтика — Краснодар,21.10.2023 в 23:00,3.35,3.40,2.25
Урал — Сочи,22.10.2023 в 16:00,2.00,3.45,4.05
Спартак — Пари НН,22.10.2023 в 18:00,1.70,3.75,5.40
Зенит — Крылья Советов,22.10.2023 в 20:30,1.53,4.50,6.20
Ростов — Ахмат,22.10.2023 в 23:00,2.30,3.55,3.15
Рубин — Балтика,27.10.2023 в 23:00,2.20,3.60,3.30
Факел — Спартак,28.10.2023 в 18:00,3.55,3.70,2.05
Крылья Советов — Оренбург,28.10.2023 в 20:30,1.80,4.00,4.30
Ростов — Локомотив,28.10.2023 в 20:30,2.50,3.70,2.70
Зенит — Ахмат,28.10.2023 в 23:00,1.40,4.90,8.00
Пари НН — Сочи,29.10.2023 в 18:00,2.30,3.30,3.30
Динамо — Урал,29.10.2023 в 20:30,1.65,4.00,5.40
ЦСКА — Краснодар,29.10.2023 в 23:30,2.35,3.60,3.00
Ливерпуль — Эвертон,21.10.2023 в 18:30,1.35,5.80,8.00
Манчестер Сити — Брайтон,21.10.2023 в 21:00,1.40,5.50,6.80
Борнмут — Вулверхэмптон,21.10.2023 в 21:00,2.45,3.50,2.95
Ньюкасл — Кристал Пэлас,21.10.2023 в 21:00,1.47,4.60,7.40
Брентфорд — Бернли,21.10.2023 в 21:00,1.80,3.80,4.50
Ноттингем Форест — Лутон Таун,21.10.2023 в 21:00,1.65,3.90,5.60
Челси — Арсенал,21.10.2023 в 23:30,3.15,3.50,2.30
Шеффилд Юнайтед — Манчестер Юнайтед,22.10.2023 в 02:00,7.20,5.00,1.43
Астон Вилла — Вест Хэм,22.10.2023 в 22:30,1.92,3.90,3.85
Тоттенхэм — Фулхэм,24.10.2023 в 02:00,1.50,4.80,6.00
Кристал Пэлас — Тоттенхэм,28.10.2023 в 02:00,3.70,3.75,2.00
Челси — Брентфорд,28.10.2023 в 18:30,1.67,4.05,5.30
Арсенал — Шеффилд Юнайтед,28.10.2023 в 21:00,1.15,8.50,19.00
Борнмут — Бернли,28.10.2023 в 21:00,2.17,3.65,3.30
Вулверхэмптон — Ньюкасл,28.10.2023 в 23:30,4.30,4.05,1.80
Вест Хэм — Эвертон,29.10.2023 в 20:00,2.00,3.90,3.55
Ливерпуль — Ноттингем Форест,29.10.2023 в 21:00,1.28,6.30,10.00
Астон Вилла — Лутон Таун,29.10.2023 в 21:00,1.33,5.60,9.50
Брайтон — Фулхэм,29.10.2023 в 21:00,1.52,4.80,5.80
Манчестер Юнайтед — Манчестер Сити,29.10.2023 в 22:30,4.50,4.10,1.75
Боруссия Дортмунд — Вердер,21.10.2023 в 01:30,1.35,6.10,7.80
Унион Берлин — Штутгарт,21.10.2023 в 20:30,2.50,3.60,2.80
Фрайбург — Бохум,21.10.2023 в 20:30,1.72,4.05,4.80
Вольфсбург — Байер Леверкузен,21.10.2023 в 20:30,4.40,4.10,1.77
Хоффенхайм — Айнтрахт Франкфурт,21.10.2023 в 20:30,2.13,3.65,3.40
Дармштадт 98 — Лейпциг,21.10.2023 в 20:30,6.40,5.00,1.47
Майнц — Бавария,21.10.2023 в 23:30,9.50,6.50,1.30
Кельн — Боруссия Менхенгладбах,22.10.2023 в 20:30,2.35,3.75,2.90
Хайденхайм — Аугсбург,22.10.2023 в 22:30,2.40,3.70,2.90
Бохум — Майнц,28.10.2023 в 01:30,2.35,3.65,3.00
Штутгарт — Хоффенхайм,28.10.2023 в 20:30,1.78,4.20,4.20
Бавария — Дармштадт 98,28.10.2023 в 20:30,1.09,13.00,24.00
Боруссия Менхенгладбах — Хайденхайм,28.10.2023 в 20:30,1.87,4.10,3.90
Вердер — Унион Берлин,28.10.2023 в 20:30,2.70,3.40,2.70
Аугсбург — Вольфсбург,28.10.2023 в 20:30,3.15,3.65,2.25
Лейпциг — Кельн,28.10.2023 в 23:30,1.37,5.40,8.00
Айнтрахт Франкфурт — Боруссия Дортмунд,29.10.2023 в 21:30,3.05,3.70,2.30
Байер Леверкузен — Фрайбург,29.10.2023 в 23:30,1.35,5.40,8.50
Осасуна — Гранада,21.10.2023 в 02:00,1.80,3.80,4.50
Реал Сосьедад — Мальорка,21.10.2023 в 19:00,1.57,3.85,7.20
Хетафе — Бетис,21.10.2023 в 21:15,2.50,3.10,3.15
Севилья — Реал Мадрид,21.10.2023 в 23:30,4.15,3.95,1.85
Сельта — Атлетико Мадрид,22.10.2023 в 02:00,3.60,3.50,2.10
Лас-Пальмас — Райо Вальекано,22.10.2023 в 19:00,2.70,3.15,2.90
Жирона — Альмерия,22.10.2023 в 21:15,1.47,4.80,6.70
Вильярреал — Алавес,22.10.2023 в 23:30,1.72,3.95,5.00
Барселона — Атлетик Бильбао,23.10.2023 в 02:00,1.65,4.10,5.20
Валенсия — Кадис,24.10.2023 в 02:00,1.77,3.55,5.20
Жирона — Сельта,28.10.2023 в 02:00,2.00,3.65,3.85
Альмерия — Лас-Пальмас,28.10.2023 в 19:00,2.30,3.45,3.20
Барселона — Реал Мадрид,28.10.2023 в 21:15,2.30,3.70,3.05
Мальорка — Хетафе,28.10.2023 в 23:30,2.20,3.10,3.85
Кадис — Севилья,29.10.2023 в 02:00,3.00,3.35,2.45
Бетис — Осасуна,29.10.2023 в 20:00,2.05,3.40,3.95
Райо Вальекано — Реал Сосьедад,29.10.2023 в 22:15,3.20,3.15,2.45
Атлетик Бильбао — Валенсия,30.10.2023 в 00:30,1.73,3.75,5.20
Атлетико Мадрид — Алавес,30.10.2023 в 03:00,1.35,5.30,10.00
Гранада — Вильярреал,31.10.2023 в 03:00,3.15,3.75,2.20
Верона — Наполи,21.10.2023 в 20:00,5.50,4.00,1.65
Торино — Интер Милан,21.10.2023 в 23:00,5.00,3.70,1.77
Сассуоло — Лацио,22.10.2023 в 01:45,2.65,3.75,2.55
Рома — Монца,22.10.2023 в 17:30,1.72,3.85,5.10
Болонья — Фрозиноне,22.10.2023 в 20:00,1.75,3.85,4.90
Салернитана — Кальяри,22.10.2023 в 20:00,2.40,3.20,3.20
Аталанта — Дженоа,22.10.2023 в 23:00,1.58,4.05,6.40
Милан — Ювентус,23.10.2023 в 01:45,2.20,3.35,3.55
Удинезе — Лечче,23.10.2023 в 23:30,2.20,3.25,3.60
Фиорентина — Эмполи,24.10.2023 в 01:45,1.45,4.70,7.30
Дженоа — Салернитана,28.10.2023 в 01:45,1.85,3.65,4.50
Сассуоло — Болонья,28.10.2023 в 20:00,2.45,3.60,2.90
Лечче — Торино,28.10.2023 в 23:00,2.95,3.10,2.65
Ювентус — Верона,29.10.2023 в 01:45,1.42,4.80,8.00
Кальяри — Фрозиноне,29.10.2023 в 18:30,2.35,3.50,3.10
Монца — Удинезе,29.10.2023 в 21:00,2.17,3.55,3.40
Интер Милан — Рома,30.10.2023 в 00:00,1.68,3.95,5.30
Наполи — Милан,30.10.2023 в 02:45,2.25,3.45,3.35
Эмполи — Аталанта,31.10.2023 в 00:30,4.70,4.05,1.73
Лацио — Фиорентина,31.10.2023 в 02:45,2.50,3.40,2.95
Болонья — Лацио,4.11.2023 в 02:45,2.65,3.35,2.65
Гавр — Ланс,21.10.2023 в 02:00,4.70,3.65,1.82
ПСЖ — Страсбур,21.10.2023 в 22:00,1.25,6.60,12.00
Ницца — Марсель,22.10.2023 в 02:00,2.45,3.25,3.10
Лорьян — Ренн,22.10.2023 в 18:00,4.05,3.80,1.90
Тулуза — Реймс,22.10.2023 в 20:00,3.10,3.50,2.35
Нант — Монпелье,22.10.2023 в 20:00,2.90,3.60,2.40
Лилль — Брест,22.10.2023 в 20:00,1.82,3.65,4.70
Монако — Мец,22.10.2023 в 22:05,1.35,5.70,8.50
Лион — Клермон,23.10.2023 в 01:45,1.80,4.00,4.30
Клермон — Ницца,28.10.2023 в 02:00,4.20,3.65,1.92
Реймс — Лорьян,28.10.2023 в 22:00,1.65,4.20,5.20
Ланс — Нант,29.10.2023 в 02:00,1.58,4.40,5.80
Брест — ПСЖ,29.10.2023 в 19:00,5.10,4.30,1.65
Мец — Гавр,29.10.2023 в 21:00,2.45,3.35,3.05
Лилль — Монако,29.10.2023 в 21:00,2.40,3.85,2.80
Монпелье — Тулуза,29.10.2023 в 21:00,1.73,4.05,4.70
Ренн — Страсбур,29.10.2023 в 23:05,1.63,4.20,5.40
Марсель — Лион,30.10.2023 в 02:45,1.72,4.20,4.60
Интер Милан — Зальцбург,24.10.2023 в 23:45,1.33,5.50,9.50
Галатасарай — Бавария,24.10.2023 в 23:45,6.30,5.10,1.47
Бенфика — Реал Сосьедад,25.10.2023 в 02:00,2.13,3.55,3.50
Манчестер Юнайтед — ФК Копенгаген,25.10.2023 в 02:00,1.40,5.00,8.50
Севилья — Арсенал,25.10.2023 в 02:00,4.30,3.85,1.85
Ланс — ПСВ,25.10.2023 в 02:00,2.35,3.60,3.00
Унион Берлин — Наполи,25.10.2023 в 02:00,3.65,3.65,2.05
Брага — Реал Мадрид,25.10.2023 в 02:00,6.00,4.90,1.50
Барселона — Шахтер Донецк,25.10.2023 в 23:45,1.17,8.50,16.00
Фейеноорд — Лацио,25.10.2023 в 23:45,1.90,3.90,3.95
Лейпциг — Црвена Звезда,26.10.2023 в 02:00,1.25,6.80,10.50
Янг Бойз — Манчестер Сити,26.10.2023 в 02:00,14.00,7.10,1.20
Антверпен — Порту,26.10.2023 в 02:00,3.60,3.50,2.10
Селтик — Атлетико Мадрид,26.10.2023 в 02:00,3.70,3.75,2.00
Ньюкасл — Боруссия Дортмунд,26.10.2023 в 02:00,1.85,3.85,4.30
ПСЖ — Милан,26.10.2023 в 02:00,1.78,3.90,4.60
Молде — Хеккен,26.10.2023 в 23:45,1.78,4.05,4.40
Марсель — АЕК Афины,26.10.2023 в 23:45,1.75,4.05,4.60
Олимпиакос Пирей — Вест Хэм,26.10.2023 в 23:45,3.60,3.70,2.05
Спарта Прага — Рейнджерс,26.10.2023 в 23:45,2.08,3.70,3.50
Штурм — Аталанта,26.10.2023 в 23:45,3.70,3.70,2.02
Арис Лимасол — Бетис,26.10.2023 в 23:45,4.10,3.95,1.85
Бачка Топола — Фрайбург,26.10.2023 в 23:45,8.50,5.30,1.37
Ракув Ченстохова — Спортинг Лиссабон,26.10.2023 в 23:45,4.20,3.80,1.85
Ливерпуль — Тулуза,27.10.2023 в 02:00,1.25,6.90,11.00
Вильярреал — Маккаби Хайфа,27.10.2023 в 02:00,1.45,4.70,7.40
Байер Леверкузен — ФК Карабах,27.10.2023 в 02:00,1.23,7.20,12.00
Унион Сент-Жиллуаз — ЛАСК,27.10.2023 в 02:00,1.67,4.15,5.10
Шериф Тирасполь — Серветт,27.10.2023 в 02:00,2.35,3.40,3.20
Панатинаикос — Ренн,27.10.2023 в 02:00,2.85,3.40,2.55
Рома — Славия Прага,27.10.2023 в 02:00,1.70,3.85,5.20
АЗ Алкмар — Астон Вилла,26.10.2023 в 23:45,3.25,3.60,2.20
Лилль — Слован Братислава,26.10.2023 в 23:45,1.45,4.70,7.20
Маккаби Тель-Авив — Заря Луганск,26.10.2023 в 23:45,1.62,4.15,5.60
Гент — Брейдаблик,26.10.2023 в 23:45,1.16,8.50,16.00
Фенербахче — Лудогорец Разград,26.10.2023 в 23:45,1.37,5.20,8.50
КФ Балкани — ФК Астана,26.10.2023 в 23:45,2.25,3.55,3.25
Лугано — Брюгге,26.10.2023 в 23:45,3.20,3.80,2.15
КИ Клаксвик — Олимпия Любляна,26.10.2023 в 23:45,2.95,3.40,2.45
Динамо Загреб — Виктория Пльзень,27.10.2023 в 02:00,2.10,3.55,3.60
Генк — Ференцварош,27.10.2023 в 02:00,1.75,3.95,4.80
Айнтрахт Франкфурт — ХИК Хельсинки,27.10.2023 в 02:00,1.18,8.00,16.00
Фиорентина — Чукарички,27.10.2023 в 02:00,1.14,9.00,21.00
Зриньски Мостар — Легия Варшава,27.10.2023 в 02:00,3.25,3.50,2.25
Абердин — ПАОК,27.10.2023 в 02:00,3.65,3.50,2.10
Боде/Глимт — Бешикташ,27.10.2023 в 02:00,2.40,3.80,2.80
Спартак Трнава — Норшелланн,27.10.2023 в 02:00,4.30,3.90,1.83
Зенит — Крылья Советов,31.10.2023 в 22:30,1.58,4.30,5.90
Балтика — Ахмат,31.10.2023 в 23:30,2.50,3.40,2.95
Сочи — Факел,1.11.2023 в 21:30,2.35,3.35,3.20
Локомотив — Рубин,1.11.2023 в 21:30,1.65,4.10,5.30
Спартак — Краснодар,1.11.2023 в 23:45,2.75,3.95,2.40
ЦСКА — Оренбург,2.11.2023 в 21:30,1.65,4.10,5.00
Ростов — Урал,2.11.2023 в 23:45,2.25,3.55,3.10
Динамо — Пари НН,2.11.2023 в 23:45,1.60,3.95,5.70
Бока Хуниорс — Флуминенсе Рио-де-Жанейро,5.11.2023 в 03:00,3.95,3.30,2.00
Форталеза — ЛДУ Кито,29.10.2023 в 03:00,1.93,3.25,4.40
Валвейк — Волендам,21.10.2023 в 23:45,1.67,4.60,4.20
ПСВ — Фортуна Ситтард,21.10.2023 в 23:45,1.10,10.50,20.00
НЕК Неймеген — Алмере Сити,22.10.2023 в 01:00,1.80,3.95,4.15
Фейеноорд — Витесс,22.10.2023 в 02:00,1.15,8.00,17.00
АЗ Алкмар — Херенвен,22.10.2023 в 02:00,1.30,5.60,9.50
Утрехт — Аякс,22.10.2023 в 17:15,3.85,4.05,1.83
Хераклес Алмело — Твенте,22.10.2023 в 19:30,5.30,4.20,1.60
Эксельсиор — ПЕК Зволле,22.10.2023 в 19:30,2.40,3.65,2.75
Гоу Эхед Иглз — Спарта Роттердам,22.10.2023 в 21:45,2.15,3.70,3.15
Арока — Морейренше,28.10.2023 в 02:15,2.45,3.35,2.85
Портимоненсе — Эшторил,28.10.2023 в 21:30,2.55,3.45,2.70
Бенфика — Каса Пия,29.10.2023 в 00:00,1.23,6.40,12.50
Витория Гимарайнш — Шавиш,29.10.2023 в 00:00,1.62,4.05,5.30
Жил Висенте — Брага,29.10.2023 в 02:30,3.90,4.05,1.82
Риу Аве — Фаренсе,29.10.2023 в 22:30,2.30,3.35,3.10
Эстрела Амадора — Фамаликан,30.10.2023 в 01:00,2.45,3.20,2.95
Визела — Порту,30.10.2023 в 03:30,6.50,4.50,1.48
Боавишта — Спортинг Лиссабон,31.10.2023 в 03:15,6.60,4.60,1.45
Унион Сент-Жиллуаз — Эйпен,21.10.2023 в 01:45,1.25,6.00,10.50
Кортрейк — Брюгге,21.10.2023 в 21:00,6.70,5.10,1.40
Моленбек — Вестерло,21.10.2023 в 23:15,2.30,3.80,2.85
Шарлеруа — Антверпен,22.10.2023 в 01:45,3.35,3.50,2.13
Генк — Мехелен,22.10.2023 в 18:30,1.53,4.50,5.60
Серкль Брюгге — Гент,22.10.2023 в 21:00,2.70,3.70,2.45
Стандард — Андерлехт,22.10.2023 в 23:30,3.10,3.50,2.25
Левен — Сент-Трейден,23.10.2023 в 00:15,2.35,3.55,2.90
Кайсериспор — Ризеспор,21.10.2023 в 17:30,2.30,3.35,3.15
Газиантеп ББ — Антальяспор,21.10.2023 в 20:00,2.80,3.25,2.60
Коньяспор — Пендикспор,21.10.2023 в 20:00,1.73,3.80,4.70
Галатасарай — Бешикташ,21.10.2023 в 23:00,1.60,4.20,5.20
Сивасспор — Касымпаша,22.10.2023 в 17:30,2.15,3.55,3.30
Истанбулспор — Анкарагюджю,22.10.2023 в 20:00,3.25,3.55,2.17
Самсунспор — Истанбул Башакшехир,22.10.2023 в 23:00,2.35,3.50,2.90
Фенербахче — Хатайспор,22.10.2023 в 23:00,1.22,6.70,12.00
Фатих Карагюмрюк — Адана Демирспор,24.10.2023 в 00:00,3.40,3.85,2.00
Трабзонспор — Аланьяспор,24.10.2023 в 00:00,1.63,4.20,5.00
Килмарнок — Ливингстон,21.10.2023 в 21:00,1.93,3.45,4.10
Росс Каунти — Сент-Миррен,21.10.2023 в 21:00,2.65,3.20,2.75
Сент-Джонстон — Мотеруэлл,21.10.2023 в 21:00,2.90,3.20,2.55
Рейнджерс — Хиберниан,21.10.2023 в 21:00,1.38,5.00,7.80
Абердин — Данди,22.10.2023 в 00:00,1.68,3.85,5.10
Хартс — Селтик,22.10.2023 в 20:15,6.30,4.70,1.47
Ламия — ПАС Янина,21.10.2023 в 00:30,2.20,3.20,3.50
Панаитоликос — Волос,21.10.2023 в 21:30,2.03,3.40,3.75
Пансерраикос — Арис Салоники,22.10.2023 в 00:00,3.60,3.40,2.08
Кифисиас — ОФИ,22.10.2023 в 21:00,3.00,3.35,2.40
Астерас Триполис — АЕК Афины,22.10.2023 в 21:00,6.20,4.05,1.55
ПАОК — Атромитос Афины,22.10.2023 в 22:30,1.28,5.40,11.50
Олимпиакос Пирей — Панатинаикос,22.10.2023 в 23:30,1.83,3.45,4.60
Мэйчжоу Хакка — Чжэцзян ФК,19.10.2023 в 18:35,4.05,3.80,1.75
Чанчунь Ятай — Шаньдун Лунэн,20.10.2023 в 14:30,5.90,4.20,1.48
Далянь Про — Ухань Три Таунс,20.10.2023 в 14:30,,,
Далянь Про — Ухань Три Таунс,20.10.2023 в 14:30,2.85,3.65,2.20
Шанхай Порт — Бэйцзин Гоань,20.10.2023 в 18:35,1.40,4.70,6.50
Хэнань Суншань Лунмэн — Цанджоу Майти Лайонс,21.10.2023 в 14:30,1.57,4.10,5.00
Нантонг Жиун — Шанхай Шэньхуа,21.10.2023 в 18:35,4.10,3.55,1.80
Циндао Маньатээ — Тяньцзинь Цзиньмэнь Тайгер,22.10.2023 в 14:30,2.25,3.40,2.90
Ченду Беттер Сити — Шэньчжэнь 1994,23.10.2023 в 18:35,1.06,10.50,21.00
Рубин Казань (мол) — Локомотив Москва (мол),19.10.2023 в 17:00,7.00,6.30,1.28
Аделаида Юнайтед — Сентрал Кост Маринерс,20.10.2023 в 15:45,2.35,3.80,2.75
Макартур ФК — Брисбен Роар,21.10.2023 в 11:30,2.50,3.70,2.65
Мельбурн Сити — Вестерн Юнайтед,21.10.2023 в 13:30,1.60,4.40,4.80
ФК Сидней — Мельбурн Виктори,21.10.2023 в 15:45,2.00,3.75,3.55
Вестерн Сидней Уондерерс — Веллингтон Феникс,22.10.2023 в 11:00,1.75,4.05,4.30
Перт Глори — Ньюкасл Джетс,22.10.2023 в 15:45,2.08,3.80,3.25
Ротерхем — Ипсвич Таун,21.10.2023 в 02:00,6.30,4.50,1.50
Престон Норт Энд — Миллуолл,21.10.2023 в 18:30,2.40,3.20,3.10
Блэкберн Роверс — Кардифф Сити,21.10.2023 в 21:00,2.00,3.70,3.55
Бристоль Сити — Ковентри Сити,21.10.2023 в 21:00,2.40,3.45,2.90
Хаддерсфилд — КПР,21.10.2023 в 21:00,1.93,3.55,3.95
Халл Сити — Саутгемптон,21.10.2023 в 21:00,2.90,3.50,2.40
Мидлсбро — Бирмингем Сити,21.10.2023 в 21:00,1.75,3.80,4.60
Сток Сити — Сандерленд,21.10.2023 в 21:00,2.45,3.50,2.80
Норвич С — Лидс Юнайтед,21.10.2023 в 21:00,3.00,3.60,2.25
Суонси — Лестер,21.10.2023 в 21:00,4.50,3.90,1.75
Уотфорд — Шеффилд Уэнсдей,21.10.2023 в 21:00,1.70,3.70,5.30
Вест Бромвич — Плимут Аргайл,21.10.2023 в 21:00,1.70,3.95,4.80
Мэнсфилд Таун — Порт Вейл,1.11.2023 в 02:45,2.15,3.60,3.45
Эксетер Сити — Мидлсбро,1.11.2023 в 02:45,3.95,3.75,1.95
Вест Хэм — Арсенал,2.11.2023 в 02:30,3.10,3.40,2.40
Ипсвич Таун — Фулхэм,2.11.2023 в 02:45,2.90,3.50,2.45
Эвертон — Бернли,2.11.2023 в 02:45,2.10,3.35,3.80
Челси — Блэкберн Роверс,2.11.2023 в 02:45,1.27,6.20,12.00
Борнмут — Ливерпуль,2.11.2023 в 02:45,6.10,4.50,1.55
Манчестер Юнайтед — Ньюкасл,2.11.2023 в 03:15,2.60,3.30,2.90
Эспаньол — Леганес,21.10.2023 в 02:00,1.62,3.85,5.70
Аморебиета — Овьедо,21.10.2023 в 21:15,3.20,2.95,2.50
Вильярреал 2 — Мирандес,21.10.2023 в 21:15,2.07,3.55,3.45
Тенерифе — Леванте,21.10.2023 в 23:30,2.05,3.15,4.00
Сарагоса — Эйбар,22.10.2023 в 02:00,2.60,3.00,3.00
Расинг Ферроль — Эльденсе,22.10.2023 в 19:00,1.75,3.40,5.30
Уэска — Эльче,22.10.2023 в 21:15,2.95,3.05,2.60
Альбасете — Спортинг Хихон,22.10.2023 в 23:30,2.07,3.25,3.85
Расинг Сантандер — Бургос КФ,22.10.2023 в 23:30,2.05,3.25,3.90
Вальядолид — ФК Андорра,23.10.2023 в 02:00,1.75,3.60,5.00
Алькоркон — ФК Картахена,24.10.2023 в 02:00,2.10,3.25,3.70
Кан — Осер,21.10.2023 в 20:00,3.10,3.60,2.20
Дюнкерк — ФК Париж,22.10.2023 в 00:00,2.50,3.25,2.90
Труа — Конкарно,22.10.2023 в 00:00,2.10,3.60,3.40
Генгам — Кевийи,22.10.2023 в 00:00,1.90,3.50,4.15
Родез — Бастия,22.10.2023 в 00:00,1.90,3.55,4.15
Аяччо — По,22.10.2023 в 00:00,1.77,3.50,5.00
Анже — Бордо,22.10.2023 в 00:00,2.50,3.30,2.85
Анси — Амьен,22.10.2023 в 00:00,2.70,3.15,2.75
Гренобль — Валансьен,22.10.2023 в 00:00,2.10,3.30,3.70
Лаваль — Сент-Этьен,24.10.2023 в 01:45,2.60,3.20,2.85
Ганновер 96 — Магдебург,20.10.2023 в 23:30,2.13,3.85,3.10
Эльверсберг — Айнтрахт Брауншвейг,20.10.2023 в 23:30,1.77,4.10,4.10
Гамбург — Гройтер Фюрт,21.10.2023 в 18:00,1.65,4.30,4.50
Оснабрюк — Веен Висбаден,21.10.2023 в 18:00,2.20,3.70,3.00
Падерборн 07 — Санкт-Паули,21.10.2023 в 18:00,3.20,3.80,2.10
Фортуна — Кайзерслаутерн,22.10.2023 в 01:30,1.87,3.85,3.90
Нюрнберг — Герта Берлин,22.10.2023 в 18:30,2.85,3.60,2.35
Карлсруэ — Шальке 04,22.10.2023 в 18:30,2.20,3.85,3.00
Ганза Росток — Хольштайн Киль,22.10.2023 в 18:30,2.65,3.50,2.55
Парма — Комо,21.10.2023 в 01:30,1.85,3.60,4.30
Лекко — Асколи,21.10.2023 в 19:00,2.30,3.40,3.05
Кремонезе — Зюйдтироль,21.10.2023 в 19:00,1.73,3.60,5.10
Бари — Модена,21.10.2023 в 19:00,2.07,3.20,3.90
Тернана — Брешиа,21.10.2023 в 19:00,2.45,3.20,3.05
Пиза — Читтаделла,21.10.2023 в 19:00,2.30,3.10,3.35
Катандзаро — Феральпизало,21.10.2023 в 21:15,1.60,4.00,5.50
Сампдория — Козенца,22.10.2023 в 21:15,1.87,3.55,4.20
Реджана — Венеция,22.10.2023 в 23:30,2.75,3.30,2.60
Палермо — Специя,24.10.2023 в 01:30,2.25,3.30,3.25
Пикин — ФК Гедиавей,20.10.2023 в 02:00,2.60,3.25,2.60
Зальцбург — ЛАСК,21.10.2023 в 22:00,1.55,4.40,5.60
Штурм — Хартберг,21.10.2023 в 22:00,1.50,4.60,5.80
Блау-Вайсс Линц — Аустрия Лустенау,21.10.2023 в 22:00,1.80,3.85,4.20
Райндорф Альтах — Вольфсберг,22.10.2023 в 19:30,2.55,3.35,2.75
ВСГ Сваровски — Аустрия Вена,22.10.2023 в 19:30,4.05,3.80,1.85
Рапид Вена — Аустрия Клагенфурт,22.10.2023 в 22:00,1.65,4.15,4.80
Туран Товуз — ФК Карабах,20.10.2023 в 21:30,8.00,4.60,1.35
Сабаил Баку — Нефтчи Баку,20.10.2023 в 23:30,2.85,3.00,2.50
Партизани Тирана — ФК Тирана,20.10.2023 в 00:00,1.95,3.65,3.35
Вест Армения — Арарат Ереван,19.10.2023 в 18:00,3.00,3.55,2.15
Пюник Ереван — Арарат-Армения,20.10.2023 в 18:00,1.93,3.55,3.55
ФК Ван — Алашкерт,20.10.2023 в 18:00,8.00,4.60,1.35
Торпедо-БелАЗ — Неман Гродно,20.10.2023 в 23:00,3.35,3.15,2.30
Ислочь Минск — Нафтан Новополоцк,21.10.2023 в 19:00,1.55,4.05,6.40
Славия Мозырь — БАТЭ Борисов,22.10.2023 в 00:30,2.70,3.50,2.50
Левски Крумовград — Этыр Велико-Тырново,20.10.2023 в 20:45,2.15,3.30,3.55
Локомотив Пловдив — Берое Стара-Загора,20.10.2023 в 23:15,1.58,4.00,5.90
Ботев Враца — Ботев Пловдив,21.10.2023 в 18:00,3.35,3.45,2.15
Локомотив София — ЦСКА 1948 София,21.10.2023 в 20:30,5.50,3.70,1.65
Пирин Благоевград — ЦСКА София,21.10.2023 в 23:00,12.50,5.20,1.28
Хебр Пазарджик — Славия София,22.10.2023 в 18:00,2.30,3.05,3.45
Левски София — Черно Море,22.10.2023 в 20:30,1.75,3.50,5.20
Арда Кырджали — Лудогорец Разград,22.10.2023 в 23:00,4.90,4.00,1.68
Кишварда — Мезекевешди Жори,21.10.2023 в 17:30,1.82,3.45,4.10
Залаэгерсег — Пакш,21.10.2023 в 19:45,2.50,3.50,2.50
Уйпешт — Кечкемет,21.10.2023 в 22:00,2.08,3.35,3.35
МТК Будапешт — Пушкаш Академи,22.10.2023 в 18:15,2.80,3.50,2.30
Дебрецен ВСК — Фехервар,22.10.2023 в 20:30,1.82,3.65,3.85
Диошдьер — Ференцварош,22.10.2023 в 22:45,4.80,4.00,1.60
Видовре — Силькеборг,21.10.2023 в 00:00,5.60,4.30,1.55
ФК Копенгаген — Вайле,21.10.2023 в 22:00,1.33,5.30,9.00
Люнгбю — АГФ Орхус,22.10.2023 в 19:00,3.25,3.30,2.25
Виборг — Норшелланн,22.10.2023 в 21:00,3.85,3.75,1.90
Раннерс — Брондбю,22.10.2023 в 23:00,3.70,3.60,1.97
Оденсе — Мидтьюлланн,24.10.2023 в 00:00,3.45,3.65,2.05
Слайго Роверс — ФК Дандолк,21.10.2023 в 01:45,2.85,3.35,2.45
Дерри Сити — Шелбурн,21.10.2023 в 01:45,1.55,3.95,6.40
Богемианс Дублин — Сейнт-Патрикс Атлетик,21.10.2023 в 01:45,1.75,4.05,4.30
Юниверсити Колледж Дублин — Корк Сити,21.10.2023 в 01:45,5.80,4.40,1.53
Шемрок Роверс — Дроэда Юнайтед,21.10.2023 в 02:00,1.28,5.60,11.00
Ордабасы — Тобол Костанай,4.11.2023 в 22:00,2.20,3.35,3.05
Арис Лимасол — Этникос Ахнас,21.10.2023 в 23:00,1.30,5.70,10.00
АПОЭЛ Никосия — Неа Саламина,21.10.2023 в 23:00,1.40,4.70,7.70
АЕК Ларнака — Кармиотисса,21.10.2023 в 23:00,1.33,5.30,9.00
АЕЛ Лимасол — Отеллос Атиена,22.10.2023 в 21:00,1.70,3.85,4.90
Докса Катокопия — Анортосис Фамагуста,22.10.2023 в 23:00,5.40,4.20,1.60
Закакиу — Аполлон Лимасол,22.10.2023 в 23:00,7.90,4.90,1.40
ФК Пафос — Омония Никосия,23.10.2023 в 23:00,1.75,3.90,4.50
Дайнава Алитус — Судува Мариямполе,20.10.2023 в 22:00,2.30,3.20,2.95
Хегельман Литауэн — Паневежис,21.10.2023 в 19:00,2.40,3.20,2.80
Джюгас Тельшяй — Жальгирис Каунас,21.10.2023 в 19:00,6.30,4.15,1.47
Банга Гаргждай — Ритеряй,21.10.2023 в 21:00,2.80,3.25,2.40
Жальгирис Вильнюс — ФК Шяуляй,22.10.2023 в 21:55,1.60,3.70,5.20
Боде/Глимт — Саннефьорд,21.10.2023 в 20:00,1.15,9.00,14.00
Бранн — Молде,21.10.2023 в 23:00,2.35,3.95,2.65
Лиллестрем — Волеренга,22.10.2023 в 19:30,2.05,3.75,3.30
Хамаркамератене — Хеугесунн,22.10.2023 в 22:00,2.00,3.70,3.50
Олесунн — Сарпсборг 08,22.10.2023 в 22:00,4.00,4.30,1.75
Стремсгодсет — Одд,22.10.2023 в 22:00,2.20,3.50,3.25
Русенборг — Стабек,22.10.2023 в 22:00,1.60,4.30,5.00
Викинг — Тромсе,23.10.2023 в 00:15,1.85,3.90,3.95
Пяст Гливице — Погонь Щецин,20.10.2023 в 23:00,2.65,3.40,2.65
Ягеллония Белосток — Заглембе Любин,21.10.2023 в 01:30,2.70,3.50,2.55
Пуща Неполомице — Краковия Краков,21.10.2023 в 20:00,3.80,3.50,2.00
Шленск Вроцлав — Легия Варшава,21.10.2023 в 22:30,3.70,3.35,2.05
Лех Познань — ЛКС Лодзь,22.10.2023 в 01:00,1.28,5.70,10.00
Радомяк Радом — Корона Кельце,22.10.2023 в 17:30,1.92,3.65,3.85
Видзев Лодзь — Рух Хожув,22.10.2023 в 20:00,1.98,3.55,3.75
Гурник Забже — Ракув Ченстохова,22.10.2023 в 22:30,4.00,3.65,1.90
Сталь Мелец — Варта Познань,24.10.2023 в 00:00,2.65,3.10,2.80
Политехника Яссы — Сепси Сфынту-Георге,20.10.2023 в 00:00,2.70,3.15,2.75
УТА Арад — Рапид Бухарест,21.10.2023 в 01:00,3.85,3.30,2.05
Германштадт Сибиу — Динамо Бухарест,21.10.2023 в 21:00,1.72,3.60,5.20
Фарул Констанца — Университатя Клуж,22.10.2023 в 01:45,1.78,3.70,4.60
Политехника Яссы — ФК Университатя Крайова СА,22.10.2023 в 19:30,2.70,3.20,2.75
КС Университатя Крайова — Петролул Плоешти,22.10.2023 в 22:00,1.48,4.30,6.80
ФКСБ — Волунтари,23.10.2023 в 01:00,1.40,4.90,7.60
Сепси Сфынту-Георге — Ботошани,23.10.2023 в 22:00,1.60,3.90,5.70
Клифтонвилл — Линфилд,21.10.2023 в 01:45,2.90,3.35,2.30
Ларн — Каррик Рейнджерс,21.10.2023 в 01:45,1.20,6.50,11.00
Дангэннон Свифтс — Крузейдерс,21.10.2023 в 21:00,6.60,5.10,1.35
Гленторан — Гленавон,21.10.2023 в 21:00,1.25,5.90,8.50
Баллимина Юнайтед — Колрейн,21.10.2023 в 21:00,4.80,3.90,1.62
Лофголл — Ньюри Сити,21.10.2023 в 21:00,1.80,3.70,3.85
Нови-Пазар — Чукарички,20.10.2023 в 22:00,3.10,3.25,2.20
Напредак Крушевац — Раднички Крагуевац,21.10.2023 в 00:00,2.40,3.00,3.00
Спартак Суботица — Партизан Белград,21.10.2023 в 01:00,6.00,4.15,1.48
ВиОн Злате Моравце — Земплин Михаловце,20.10.2023 в 22:30,2.25,3.40,3.20
Тренчин — Скалица,21.10.2023 в 23:00,1.50,4.30,6.50
ФК Кошице — Дукла Банска-Бистрица,21.10.2023 в 23:00,2.55,3.60,2.60
Железьярне Подбрезова — Ружомберок,21.10.2023 в 23:00,1.58,4.20,5.50
Жилина — ДАК 1904 Дунайска-Стреда,21.10.2023 в 23:00,2.70,3.65,2.45
Спартак Трнава — Слован Братислава,22.10.2023 в 22:30,2.75,3.20,2.65
Рогашка — Целе,21.10.2023 в 20:00,5.70,4.05,1.60
Домжале — Олимпия Любляна,22.10.2023 в 01:15,3.90,3.80,1.87
Браво — Марибор,22.10.2023 в 20:00,4.15,3.75,1.83
Алюминий — НК Радомлье,22.10.2023 в 22:30,2.20,3.60,3.10
Мура — Копер,23.10.2023 в 01:15,2.95,3.55,2.30
ФК Лахти — Ильвес Тампере,21.10.2023 в 19:00,2.90,3.65,2.35
Оулу — Хака,21.10.2023 в 19:00,2.20,3.75,3.00
КТП Котка — Мариехамн,21.10.2023 в 19:00,2.30,3.75,2.90
СИК Сейнейоки — ВПС Вааса,21.10.2023 в 21:00,2.50,3.55,2.65
ХИК Хельсинки — КуПС Куопио,21.10.2023 в 21:00,2.00,3.65,3.55
Хонка — Интер Турку,21.10.2023 в 21:00,2.03,3.75,3.40
Рудеш — Славен Белупо,20.10.2023 в 23:00,2.55,3.30,2.80
Вараждин — Локомотива Загреб,21.10.2023 в 21:00,2.35,3.45,2.95
ХНК Горица — Динамо Загреб,21.10.2023 в 23:10,6.20,4.15,1.55
Истра 1961 — Риека,22.10.2023 в 20:00,5.30,3.75,1.67
Хайдук Сплит — Осиек,22.10.2023 в 23:00,1.65,3.75,5.50
Карвина — Градец Кралове,21.10.2023 в 20:00,2.25,3.45,3.15
Пардубице — Сигма Оломоуц,21.10.2023 в 20:00,2.90,3.45,2.40
Злин — Млада Болеслав,21.10.2023 в 20:00,3.30,3.60,2.12
Слован Либерец — Виктория Пльзень,21.10.2023 в 20:00,4.40,4.00,1.73
Славия Прага — Словацко,21.10.2023 в 23:00,1.30,5.50,9.50
Яблонец — Богемианс Прага,22.10.2023 в 20:00,2.30,3.50,3.00
Теплице — Баник Острава,22.10.2023 в 20:00,3.70,3.60,1.98
Спарта Прага — Динамо Ческе-Будеевице,22.10.2023 в 23:00,1.16,8.50,15.00
Стад Лозанна-Уши — Лозанна,21.10.2023 в 23:00,2.95,3.60,2.30
Янг Бойз — ФК Цюрих,21.10.2023 в 23:00,,,
Янг Бойз — ФК Цюрих,21.10.2023 в 23:00,1.80,4.15,3.90
Базель — Серветт,22.10.2023 в 01:30,2.60,3.65,2.55
Винтертур — Санкт Галлен,22.10.2023 в 19:15,3.40,3.85,2.00
ФК Люцерн — Ивердон-Спорт,22.10.2023 в 21:30,1.50,4.80,5.50
Грассхопперс Цюрих — Лугано,22.10.2023 в 21:30,2.85,3.65,2.35
Дегерфорс — Кальмар ФФ,21.10.2023 в 20:00,2.85,3.35,2.50
Сириус — Броммапойкарна,21.10.2023 в 22:30,1.83,4.10,3.80
Хальмстад — Мьельбю,22.10.2023 в 20:00,2.50,3.20,2.95
Юргорден — Хаммарбю,22.10.2023 в 20:00,2.00,3.65,3.60
Мальме — Варберг,22.10.2023 в 22:30,1.12,9.50,19.00
Хеккен — Норрчепинг,22.10.2023 в 22:30,1.50,4.70,5.70
Вернамо — Гетеборг,24.10.2023 в 00:00,2.40,3.45,2.85
Эльфсборг — АИК,24.10.2023 в 00:10,1.75,4.00,4.30
Калев Таллин — Пярну Вапрус,21.10.2023 в 16:30,2.15,3.55,3.00
Транс Нарва — Нымме Калью,21.10.2023 в 18:30,3.60,3.45,1.95
Левадия Таллин — Таммека Тарту,21.10.2023 в 21:00,1.35,4.70,8.00
Пайде Линнамеесконд — ФК Курессааре,22.10.2023 в 18:30,1.45,4.30,6.50
Харью Лаагри — Флора Таллин,22.10.2023 в 21:00,11.00,5.60,1.23
Хайфон — Хоангань Зялай,20.10.2023 в 18:00,1.78,3.65,4.05
Серамика Клеопатра — Эль-Дахлея,20.10.2023 в 20:00,1.65,3.40,5.60
Аль-Масри — Тала Аль-Джаиш,20.10.2023 в 20:00,1.95,2.95,4.50
Замалек — Смуха,21.10.2023 в 23:00,1.65,3.65,5.00
ЕНППИ — Нэйшнл Банк,21.10.2023 в 23:00,2.60,2.75,3.00
Исмаили — Фарко,22.10.2023 в 23:00,2.55,2.85,2.95
Фьюче — Пирамидс,22.10.2023 в 23:00,3.90,2.95,2.05
Ист Бенгал — ФК Гоа,21.10.2023 в 19:00,3.10,3.80,2.03
Керала Бластерс — Нортист Юнайтед,21.10.2023 в 21:30,1.45,4.50,6.00
ФК Хайдарабад — Ченнайн,23.10.2023 в 21:30,1.85,3.60,3.80
Бали Юнайтед — Персебая Сурабая,20.10.2023 в 15:00,1.90,3.60,3.60
Персикабо Богор — ПСИС Семаранг,20.10.2023 в 15:00,3.10,3.35,2.20
ПСМ Макассар — Арема Кронус,20.10.2023 в 19:00,1.50,4.05,6.00
Аль-Джалил — Акаба,19.10.2023 в 21:00,2.50,3.25,2.70
Шабаб Аль-Ордон — Аль-Сари,20.10.2023 в 21:00,1.73,3.55,4.50
Аль-Сальт — Аль-Джазира Амман,20.10.2023 в 21:00,1.80,3.65,3.95
Пайкан — Персеполис Тегеран,19.10.2023 в 21:30,8.50,3.55,1.47
Санат Нафт Абадан — Малаван,19.10.2023 в 22:30,2.55,2.70,3.20
Эстегляль Тегеран — Хавадар,20.10.2023 в 21:30,1.40,3.85,9.50
Фулад Хузестан — Эстегляль Хузестан,20.10.2023 в 22:30,1.85,3.00,4.90
Кавасаки Фронтале — Ависпа Фукуока,20.10.2023 в 17:00,1.82,3.60,4.50
Урава Ред Даймондс — Касива Рейсол,20.10.2023 в 17:30,1.85,3.45,4.50
Альбирекс Ниигата — Саган Тосу,21.10.2023 в 11:00,1.95,3.70,3.70
Гамба Осака — Нагоя Грампус,21.10.2023 в 12:00,2.80,3.25,2.60
Йокогама ФК — ФК Токио,21.10.2023 в 12:00,3.00,3.50,2.30
Виссел Кобе — Касима Антлерс,21.10.2023 в 12:00,2.20,3.25,3.40
Йокогама Ф-Маринос — Консадоле Саппоро,21.10.2023 в 12:00,1.93,4.20,3.40
Киото Санга — Сенан Бельмаре,21.10.2023 в 13:00,2.25,3.45,3.15
Санфречче Хиросима — Сересо Осака,21.10.2023 в 14:00,1.85,3.55,4.40
Ванфоре Кофу — В-Варен Нагасаки,20.10.2023 в 17:00,2.17,3.55,3.00
Иваки — Симидзу С-Палс,21.10.2023 в 11:00,3.45,3.55,1.95
Ренофа Ямагути — Фаджано Окаяма,22.10.2023 в 10:30,3.00,3.20,2.30
Роассо Кумамото — Матида Зельвия,22.10.2023 в 11:00,3.60,3.40,1.95
Цвайген Канадзава — Монтедио Ямагата,22.10.2023 в 12:00,2.85,3.45,2.30
Фудзиеда — Омия Ардия,22.10.2023 в 12:00,2.20,3.45,3.00
Токио Верди — ДЖЕФ Юнайтед Итихара Тиба,22.10.2023 в 12:00,2.55,3.15,2.70
Токусима Вортис — Джубило Ивата,22.10.2023 в 12:00,4.50,3.65,1.70
Мито Холлихок — Зеспакусацу Гумма,22.10.2023 в 12:00,2.05,3.25,3.50
Тотиги — Оита Тринита,22.10.2023 в 12:00,2.85,3.05,2.50
Блаублиц Акита — Вегалта Сендай,22.10.2023 в 12:00,2.45,3.00,2.95
Аль-Кувейт — Хайтан,20.10.2023 в 21:40,1.27,5.50,9.00
Аль-Араби Кувейт — Аль-Фехахил,21.10.2023 в 00:30,1.38,4.80,6.80
Крисчерч Юнайтед — Петоне,21.10.2023 в 06:00,1.37,5.10,6.60
Кашмир Техникал — Веллингтон Феникс (р),21.10.2023 в 06:00,1.65,4.30,4.05
Окленд Юнайтед — Веллингтон Олимпик,21.10.2023 в 09:00,2.65,4.00,2.20
Нейпир Сити Роверс — Манурева,22.10.2023 в 08:00,2.08,4.00,2.85
Истерн Сабербс Окленд — Окленд Сити,22.10.2023 в 09:00,5.40,4.40,1.50
Аль-Шарджа — Аль-Иттихад Кальба,19.10.2023 в 19:45,1.95,3.70,3.30
Аль-Наср Дубай — Аль-Айн Абу-Даби,19.10.2023 в 22:30,2.85,3.80,2.15
Аль-Нахда Аль-Бураими — Сур,19.10.2023 в 21:15,1.45,4.20,6.80
Аль-Охдуд — Аль-Фейха,20.10.2023 в 22:00,2.85,3.35,2.30
Аль-Таавон Бурайда — Аль-Иттихад Джидда,20.10.2023 в 22:00,4.70,4.10,1.60
Аль-Хиляль Эр-Рияд — Аль-Халедж Сайхат,21.10.2023 в 01:00,1.08,9.00,16.00
Аль-Фатех — Абха,21.10.2023 в 01:00,1.53,4.50,4.90
Аль-Наср Эр-Рияд — Дамак,21.10.2023 в 22:00,1.12,8.50,15.00
Аль-Хазм — Аль-Раед,21.10.2023 в 22:00,2.50,3.60,2.50
Аль-Ахли Джидда — Аль-Вахда Мекка,22.10.2023 в 01:00,1.27,5.30,9.50
Аль-Шабаб Эр-Рияд — Аль-Тай,22.10.2023 в 01:00,1.43,4.50,6.30
Аль-Рияд — Аль-Иттифак,22.10.2023 в 22:00,5.20,4.30,1.52
Чианграй Юнайтед — Бурирам Юнайтед,20.10.2023 в 18:00,5.60,4.15,1.50
БГ Патхум Юнайтед — ФК Трат,20.10.2023 в 19:00,1.52,4.15,5.40
Накхон Патом Юнайтед — Кхонкэн Юнайтед,21.10.2023 в 18:00,1.82,3.70,3.85
ФК Ратчабури — ФК Сукхотхай,21.10.2023 в 19:00,1.65,3.90,4.70
Полис Теро — Муангтонг Юнайтед,22.10.2023 в 18:00,3.05,3.70,2.07
Порт Бангкок — Лампхун Уорриор,22.10.2023 в 19:00,1.25,5.60,10.00
АГМК — Навбахор,19.10.2023 в 20:00,2.55,3.15,2.70
Металлург Бекабад — Бухара,20.10.2023 в 18:30,1.73,3.35,4.90
Пахтакор — Турон,20.10.2023 в 21:00,1.19,6.10,13.00
Пхохан Стилерс — Инчхон Юнайтед,20.10.2023 в 17:30,1.90,3.55,4.05
ФК Кванджу — Ульсан Хендай,21.10.2023 в 12:00,2.95,3.30,2.45
Тэгу — Чонбук Моторс,21.10.2023 в 14:30,2.85,3.20,2.55
ФК Сеул — Канвон,22.10.2023 в 12:00,1.82,3.65,4.40
Чеджу Юнайтед — Сувон Блюуингс,22.10.2023 в 12:00,1.90,3.70,3.85
Тэджон Ситизен — Сувон Сити,22.10.2023 в 14:40,1.85,4.00,3.85
Роял Пари — Аврора,20.10.2023 в 06:00,2.15,3.40,3.10
Реал Санта-Круз — Вака Дьес,21.10.2023 в 02:00,1.67,3.85,4.50
Стронгест — Блуминг Санта Крус,21.10.2023 в 06:00,1.18,6.20,13.00
Реал Томаяпо — Олвейс Реди,21.10.2023 в 07:30,2.50,3.40,2.60
Химнасия Ла-Плата — Архентинос Хуниорс,20.10.2023 в 02:00,2.95,2.95,2.50
Годой-Крус — Сан-Лоренсо Альмагро,20.10.2023 в 02:00,2.40,2.75,3.30
Колон Санта-Фе — Ривер Плейт,20.10.2023 в 04:30,3.80,3.50,1.88
Росарио Сентраль — Велес Сарсфилд,20.10.2023 в 06:45,2.50,2.85,3.05
Сармьенто — Расинг Авельянеда,20.10.2023 в 07:00,3.25,3.15,2.18
Тигре — Ньюэллс Олд Бойз,21.10.2023 в 02:45,2.40,2.85,3.25
Уракан — Институто Кордоба,21.10.2023 в 05:00,2.05,2.85,4.15
Тальерес Кордоба — Арсенал Саранди,21.10.2023 в 05:00,1.45,4.10,7.00
Бока Хуниорс — Унион Санта-Фе,21.10.2023 в 07:30,1.80,3.20,4.70
Кавалри — Пасифик,22.10.2023 в 03:00,2.13,3.35,3.20
Депортиво Перейра — Атлетико Насьональ,20.10.2023 в 08:00,2.75,2.85,2.70
ФК Энвигадо — Депортиво Кали,21.10.2023 в 03:59,3.05,3.05,2.35
Хагуарес Кордоба — Депортиво Пасто,21.10.2023 в 06:10,2.18,2.95,3.55
Ла Экидад — Рионегро Агилас,21.10.2023 в 08:20,2.60,2.95,2.80
Индепендьенте Санта-Фе — Мильонариос,22.10.2023 в 03:59,2.50,2.95,2.90
Унион Магдалена — Атлетико Букараманга,22.10.2023 в 06:10,2.25,3.15,3.20
Хуниор Барранкилья — Онсе Кальдас,22.10.2023 в 08:20,1.58,3.55,6.00
Бояка Чико — Атлетико Насьональ,23.10.2023 в 03:59,2.80,2.95,2.60
Индепендьенте Медельин — Депортиво Перейра,23.10.2023 в 06:10,1.60,3.65,5.40
Альянса Петролера — Депортес Толима,23.10.2023 в 08:20,3.30,3.05,2.25
Атлас — Масатлан,21.10.2023 в 08:00,1.62,4.15,5.20
ФК Хуарес — Пачука,21.10.2023 в 08:06,2.30,3.50,3.00
Пуэбла — Чивас Гвадалахара,21.10.2023 в 10:00,3.15,3.45,2.25
Леон — Толука,22.10.2023 в 06:00,2.10,3.65,3.30
Америка Мехико — Сантос Лагуна,22.10.2023 в 08:00,1.50,4.60,5.70
Керетаро — Тихуана,22.10.2023 в 08:06,2.35,3.50,2.90
Тигрес Монтеррей — Крус Асул,22.10.2023 в 10:05,1.65,4.10,5.00
Пумас-УНАМ — Монтеррей,23.10.2023 в 01:00,2.75,3.60,2.45
Атлетико Сан-Луис — Некакса,23.10.2023 в 07:00,1.70,4.10,4.50
Спортиво Лукеньо — Хенераль Кабальеро,20.10.2023 в 05:30,1.80,3.55,4.15
Либертад Асунсьон — Спортиво Амелиано,21.10.2023 в 05:30,1.48,4.30,5.70
Олимпия Асунсьон — Спортиво Триниденси,22.10.2023 в 03:59,1.70,3.80,4.30
Серро Портеньо — Ресистенсия,22.10.2023 в 06:30,1.40,4.70,6.90
УТК Кахамарка — Сесар Вальехо,21.10.2023 в 03:00,1.77,3.60,4.20
Альянса Атлетико — Депортиво Мунисипаль,22.10.2023 в 01:00,1.43,4.40,6.30
Альянса Лима — Депортива Тарма,22.10.2023 в 03:59,1.50,3.80,6.80
ФК Куско — Университарио Депортес Лима,22.10.2023 в 08:00,2.75,3.30,2.40
Унион Комерсио — Депортиво Гарсиласо,23.10.2023 в 03:00,2.02,3.45,3.40
Спорт Уанкайо — Спорт Бойз,23.10.2023 в 03:00,1.55,4.15,5.20
Карлос Мануччи — Депортиво Бинасьональ,23.10.2023 в 03:00,1.85,3.40,4.10
Сьенсьяно — Спортинг Кристал,23.10.2023 в 08:00,2.35,3.20,2.85
Нью-Ингленд Революшн — Филадельфия Юнион,22.10.2023 в 05:00,1.98,4.00,3.35
Нэшвилл — Нью-Йорк Ред Буллз,22.10.2023 в 05:00,2.85,3.60,2.35
Коламбус Кру — ФК Монреаль,22.10.2023 в 05:00,1.43,5.10,6.30
ФК Торонто — Орландо Сити,22.10.2023 в 05:00,3.50,4.05,1.90
ФК Цинциннати — Атланта Юнайтед,22.10.2023 в 05:00,1.75,4.30,4.10
Нью-Йорк Сити — Чикаго Файр,22.10.2023 в 05:00,1.67,4.05,4.80
Колорадо Рэпидс — Реал Солт Лейк,22.10.2023 в 08:00,2.65,3.75,2.40
Лос-Анджелес Гэлакси — ФК Даллас,22.10.2023 в 08:00,2.30,3.95,2.75
Спортинг Канзас Сити — Миннесота Юнайтед,22.10.2023 в 08:00,1.85,4.20,3.65
Сент-Луис — Сиэтл Саундерс,22.10.2023 в 08:00,2.35,3.60,2.85
Сан-Хосе Эрсквейкс — ФК Остин,22.10.2023 в 08:00,1.57,4.60,5.10
Портленд Тимберс — Хьюстон Динамо,22.10.2023 в 08:00,2.13,3.75,3.15
Ванкувер Уайткэпс — Лос-Анджелес,22.10.2023 в 08:00,2.40,3.80,2.70
Расинг Монтевидео — Атлетико Феникс,19.10.2023 в 22:00,2.40,3.00,3.05
Депортиво Мальдонадо — Ривер Плейт Монтевидео,20.10.2023 в 00:30,2.35,3.10,3.00
Серро Монтевидео — Данубио,20.10.2023 в 03:00,3.25,3.10,2.25
Бостон Ривер — Насьональ Монтевидео,20.10.2023 в 06:15,4.20,3.55,1.78
Дефенсор Спортинг — Серро-Ларго,22.10.2023 в 05:00,1.62,3.70,5.20
Оренсе — Эль-Насьональ Кито,21.10.2023 в 07:00,2.35,3.20,2.90
Кумбая — Текнико Университарио,22.10.2023 в 01:00,3.20,3.00,2.30
Мушук Руна — Депортиво Куэнка,22.10.2023 в 03:30,2.05,3.35,3.45
Барселона Гуаякиль — Либертад Лоха,22.10.2023 в 06:00,1.37,4.60,7.30
Гуаласео — Депортиво Аукас,23.10.2023 в 00:30,3.40,3.20,2.12
Гуаякиль Сити — Индепендьенте дель Валье,23.10.2023 в 03:00,5.40,3.75,1.60
ЛДУ Кито — Эмелек,23.10.2023 в 06:00,1.60,3.85,5.20
Эксетер Сити — Уиган Атлетик,21.10.2023 в 21:00,2.05,3.60,3.15
Чарльтон Атлетик — Рединг,21.10.2023 в 21:00,1.80,3.70,4.00
Флитвуд Таун — Линкольн Сити,21.10.2023 в 21:00,2.15,3.35,3.15
Стивенедж — Порт Вейл,21.10.2023 в 21:00,1.77,3.50,4.30
Портсмут — Карлайл Юнайтед,21.10.2023 в 21:00,1.50,4.10,6.00
Питерборо Юнайтед — Уиком Уондерерс,21.10.2023 в 21:00,1.72,3.75,4.30
Лейтон Ориент — Барнсли,21.10.2023 в 21:00,2.80,3.25,2.40
Оксфорд Юнайтед — Блэкпул,21.10.2023 в 21:00,1.85,3.55,3.95
Челтенхем Таун — Кембридж Юнайтед,21.10.2023 в 21:00,2.95,3.20,2.30
Бертон Альбион — Бристоль Роверс,21.10.2023 в 21:00,2.60,3.45,2.45
Шрусбери Таун — Дерби Каунти,21.10.2023 в 21:00,4.30,3.45,1.80
Болтон Уондерерс — Нортгемптон Таун,21.10.2023 в 21:00,1.77,3.75,4.00
Транмир Роверс — Донкастер Роверс,21.10.2023 в 01:45,2.80,3.35,2.35
Ньюпорт Каунти — Уолсолл,21.10.2023 в 01:45,2.45,3.40,2.60
Стокпорт Каунти — Гримсби Таун,21.10.2023 в 21:00,1.50,4.15,5.70
Солфорд Сити — Суиндон Таун,21.10.2023 в 21:00,2.60,3.60,2.40
Саттон Юнайтед — Моркам,21.10.2023 в 21:00,2.30,3.40,2.85
Кроули Таун — Кру Александра,21.10.2023 в 21:00,2.05,3.65,3.10
Колчестер Юнайтед — Харрогейт Таун,21.10.2023 в 21:00,1.88,3.55,3.75
Мэнсфилд Таун — Форест Грин Роверс,21.10.2023 в 21:00,1.43,4.40,6.40
Джиллингем — Ноттс Каунти,21.10.2023 в 21:00,2.50,3.45,2.55
Барроу — АФК Уимблдон,21.10.2023 в 21:00,2.85,3.20,2.40
Брэдфорд Сити — Рексхэм,21.10.2023 в 21:00,2.70,3.40,2.40
Аккрингтон Стэнли — Милтон-Кинс Донс,21.10.2023 в 21:00,2.60,3.40,2.45
Честерфилд — Гейтсхед,21.10.2023 в 21:00,1.60,4.30,4.40
Файлд — Эббсфлит Юнайтед,21.10.2023 в 21:00,2.05,3.85,3.00
Саутенд Юнайтед — Солихалл Мурс,21.10.2023 в 21:00,1.88,3.45,3.90
Олтринхэм — Доркинг Уондерерс,21.10.2023 в 21:00,1.58,4.20,4.80
Дагенем энд Редбридж — Уокинг,21.10.2023 в 21:00,2.85,3.20,2.40
Олдершот Таун — Хартлпул Юнайтед,21.10.2023 в 21:00,2.65,3.65,2.35
Истли — Йорк Сити,21.10.2023 в 21:00,2.02,3.60,3.25
Бромли — Оксфорд Сити,21.10.2023 в 21:00,1.65,3.95,4.50
Галифакс Таун — Киддерминстер Харриерс,21.10.2023 в 21:00,2.10,3.15,3.50
Барнет — Мейденхед Юн,21.10.2023 в 21:00,1.40,4.50,7.30
Рочдейл — Олдхэм,21.10.2023 в 21:00,2.13,3.50,3.05
Уэлдстон — Борхэм Вуд,21.10.2023 в 23:30,2.45,3.30,2.75
Блайт Спартанс — ФК Тамуорт,21.10.2023 в 21:00,3.60,3.55,1.90
Фарсли Селтик — Брэкли Таун,21.10.2023 в 21:00,2.45,3.30,2.75
Глостер Сити — Олфретон Таун,21.10.2023 в 21:00,2.55,3.50,2.50
Рашолл Олимпик — Чорли,21.10.2023 в 21:00,3.05,3.45,2.17
Честер — Сканторп Юнайтед,21.10.2023 в 21:00,2.55,3.35,2.55
Банбери Юнайтед — ФК Дарлингтон,21.10.2023 в 21:00,1.97,3.55,3.45
Херефорд — Керзон Эштон,21.10.2023 в 21:00,2.35,3.20,2.85
Питерборо Спортс — Саутпорт,21.10.2023 в 21:00,2.55,3.45,2.55
Скарборо Атлетик — ФК Бакстон,21.10.2023 в 21:00,5.70,3.75,1.55
Спеннимур Таун — Бостон Юнайтед,21.10.2023 в 21:00,1.27,5.00,11.00
Саут-Шилдс — Кингз Линн Таун,21.10.2023 в 21:00,1.55,4.05,5.20
Бишопс-Стортфорд — Уоррингтон Таун,21.10.2023 в 21:00,2.18,3.40,3.05
Мейдстон Юнайтед — Фарнборо,21.10.2023 в 21:00,2.03,3.55,3.30
Брейнтри Таун — Уэстон СМ,21.10.2023 в 21:00,2.20,3.50,2.95
Слау Таун — Челмсфорд Сити,21.10.2023 в 21:00,2.40,3.45,2.70
Тонтон Таун — Хэмптон энд Ричмонд Боро,21.10.2023 в 21:00,1.85,3.65,3.70
Уэймут — Истборн Боро,21.10.2023 в 21:00,2.25,3.50,2.90
Чиппенхэм Таун — Сейнт-Олбанс Сити,21.10.2023 в 21:00,2.50,3.45,2.55
Эвели — Труро Сити,21.10.2023 в 21:00,2.20,3.50,2.95
Дувр Атлетик — Хемел Хемпстед Таун,21.10.2023 в 21:00,3.20,3.50,2.08
Дартфорд — Хавант энд Уотерлувилл,21.10.2023 в 21:00,1.80,3.75,3.90
Тонбридж Эйнджелс — Бат Сити,21.10.2023 в 21:00,3.00,3.50,2.17
Торки Юнайтед — Уэллинг Юнайтед,21.10.2023 в 21:00,1.60,3.95,4.90
Уэртинг — Йовил Таун,21.10.2023 в 21:00,2.30,3.50,2.80
Кардифф Сити U21 — Борнмут U21,20.10.2023 в 20:00,2.65,4.20,2.15
ФАК Вена — Амштеттен,20.10.2023 в 23:10,1.55,4.30,4.90
Рид — Ферст Вена,20.10.2023 в 23:10,1.53,4.20,5.30
Лафниц — Стрипфинг,20.10.2023 в 23:10,2.30,3.70,2.65
Адмира Ваккер — ГАК,21.10.2023 в 01:30,3.10,3.45,2.12
Капфенберг — ФК Дорнбирн,21.10.2023 в 19:30,1.95,3.45,3.65
Штурм 2 Грац — Лиферинг,21.10.2023 в 19:30,3.00,3.90,2.03
Шварц Вайс Брегенц — Хорн,21.10.2023 в 19:30,2.13,3.55,3.00
Санкт-Пельтен — Леобен,22.10.2023 в 15:30,1.63,4.00,4.60
Маннсворт — Ред Стар Пенцинг,20.10.2023 в 23:00,2.85,4.00,2.08
Герасдорф Стаммерсдорф — Вена 1980,20.10.2023 в 23:00,3.90,4.30,1.70
САК Клагенфурт — Санкт-Якоб Розенталь,20.10.2023 в 23:00,1.55,4.70,4.50
Дейнзе — Генк 2,21.10.2023 в 01:00,1.77,3.90,3.90
Беерсхот-Вилрейк — Ломмель Юнайтед,21.10.2023 в 01:00,2.50,3.70,2.45
Андерлехт 2 — Стандард Льеж 2,21.10.2023 в 21:00,1.60,4.10,4.70
Зюлте-Варегем — РФК Льеж,22.10.2023 в 01:00,1.75,4.30,3.65
Льерс Кемпензонен — Серен,22.10.2023 в 01:00,2.08,3.70,3.00
Дендер — Остенде,22.10.2023 в 18:30,2.05,3.50,3.30
Брюгге 2 — Васланд-Беверен,22.10.2023 в 21:00,3.45,3.70,1.92
Франк Буренс — Патро Эйсден Масмехелен,23.10.2023 в 00:15,3.15,3.50,2.10
Льерс Кемпензонен U21 — Эйпен U21,20.10.2023 в 01:00,2.50,4.50,2.17
Спартак Варна — Черноморец Балчик,20.10.2023 в 20:00,1.25,5.30,10.50
Беласица Петрич — Литекс Ловеч,20.10.2023 в 20:00,2.03,3.15,3.65
Ганза Росток 2 — Грайфсвальдер,20.10.2023 в 00:00,4.40,4.50,1.58
Хемниц — Луккенвальде,21.10.2023 в 00:00,1.92,3.80,3.40
Рот-Вайсс Эрфурт — Бабельсберг 03,21.10.2023 в 00:00,1.75,3.80,4.15
Герта 2 Берлин — Динамо Берлин,21.10.2023 в 00:00,2.90,3.60,2.18
Венсюссель ФФ — Хорсенс,20.10.2023 в 00:00,2.35,3.45,2.75
Хобро — Хельсингер,21.10.2023 в 00:00,1.87,3.70,3.65
Хиллеред — Фредерисия,21.10.2023 в 00:00,2.85,3.60,2.20
Сендерюске — Колдинг ИФ,21.10.2023 в 00:00,1.67,4.10,4.15
Ольборг — Б-93 Копенгаген,22.10.2023 в 20:00,1.17,6.60,13.00
Кеге — Нествед БK,22.10.2023 в 21:00,2.40,3.60,2.55
Вальдхоф Мангейм — Боруссия Дортмунд 2,21.10.2023 в 00:00,2.70,3.45,2.35
Ингольштадт 04 — Унтерхахинг,21.10.2023 в 19:00,1.85,3.70,3.70
Галлешер — Ян Регенсбург,21.10.2023 в 19:00,2.65,3.45,2.40
Мюнхен 1860 — Фрайбург 2,21.10.2023 в 19:00,1.85,3.60,3.75
Динамо Дрезден — Пройссен Мюнстер,21.10.2023 в 19:00,1.60,4.10,4.70
Любек — Виктория Кельн,21.10.2023 в 19:00,3.00,3.40,2.20
Дуйсбург — Арминия Билефельд,21.10.2023 в 21:30,2.65,3.45,2.40
Зандхаузен — Ферль,22.10.2023 в 18:30,2.17,3.75,2.85
Рот-Вайсс Эссен — Саарбрюккен,22.10.2023 в 21:30,3.00,3.50,2.17
Эрцгебирге Ауэ — Ульм 1846,23.10.2023 в 00:30,2.55,3.30,2.60
Вегберг-Бек — Падерборн 07-2,21.10.2023 в 00:30,3.60,3.60,1.90
ФК Гютерсло — Вупперталер,21.10.2023 в 00:30,3.05,3.70,2.08
Киккерс Оффенбах — Кобленц,21.10.2023 в 00:00,1.18,6.90,11.50
ФК Мемминген — Тюркгюджю Мюнхен,21.10.2023 в 00:00,5.80,4.50,1.45
Бавария 2 — Айнтрахт Бамберг,21.10.2023 в 00:00,1.28,6.00,7.70
Шукура Кобулети — Сабуртало Тбилиси,20.10.2023 в 18:00,10.00,5.60,1.25
Динамо Батуми — Дила Гори,20.10.2023 в 23:00,1.47,4.40,5.80
Виртус Верона — Фиоренцуола,21.10.2023 в 01:45,1.65,3.45,5.40
Аталанта U23 — Леньяго Салюс,21.10.2023 в 01:45,1.90,3.35,3.90
Триестина — Виченца,21.10.2023 в 01:45,2.90,2.85,2.60
Тренто — Про Сесто,21.10.2023 в 01:45,1.75,3.25,4.90
Лумеццане — Джана Эрминио,21.10.2023 в 21:15,2.07,3.30,3.40
Про Верчелли — Перголеттесе,21.10.2023 в 21:15,2.07,3.30,3.40
Ренате — Аурора Про Патрия 1919,21.10.2023 в 21:15,1.77,3.30,4.70
Мантуя — Новара,21.10.2023 в 23:30,1.55,3.70,6.10
Альбинолеффе — Алессандрия,22.10.2023 в 01:45,1.85,3.25,4.20
Арциньяно Валчиампо — Падова,22.10.2023 в 01:45,3.70,3.10,2.05
Монополи — Виртус Франкавилла,21.10.2023 в 01:45,2.25,3.05,3.25
Пичерно — АКР Мессина,21.10.2023 в 01:45,1.68,3.35,5.30
Аудаче Чериньола — Латина,21.10.2023 в 23:30,2.07,3.30,3.40
Кротоне — Фоджа,21.10.2023 в 23:30,1.95,3.30,3.80
АСД Сорренто — Беневенто,21.10.2023 в 23:30,3.70,3.40,1.93
Джульяно — Потенца,21.10.2023 в 23:30,2.55,3.20,2.65
Туррис — Юве Стабия,22.10.2023 в 01:45,2.95,3.35,2.25
Бриндизи — Казертана,22.10.2023 в 19:00,2.35,3.20,2.95
Катания — Таранто,22.10.2023 в 21:15,1.80,3.35,4.50
Авеллино — Монтерози,22.10.2023 в 23:30,1.42,3.95,8.50
Атлон Таун — Лонгфорд Таун,21.10.2023 в 01:45,1.75,4.00,3.75
ФК Уотерфорд — Трити Юнайтед,21.10.2023 в 01:45,1.43,4.80,5.90
Ков Рамблерс — Керри,21.10.2023 в 01:45,1.30,5.60,7.30
ФК Голуэй — Уэксфорд Ютс,21.10.2023 в 01:45,1.28,5.80,7.80
Брей Уондерерс — Финн Харпс,21.10.2023 в 01:45,1.55,4.15,5.00
Торрес — Понтедера,22.10.2023 в 19:00,1.85,3.40,4.15
Фермана — Энтелла,22.10.2023 в 19:00,4.20,3.35,1.83
Ювентус U23 — Перуджа,22.10.2023 в 19:00,3.25,3.20,2.20
Губбио — Ольбия,22.10.2023 в 21:15,1.55,3.65,5.90
Луккезе — Пескара,22.10.2023 в 23:30,2.90,3.40,2.25
Римини — Анкона-Мателика,22.10.2023 в 23:30,2.30,3.20,3.00
Пинето — Чезена,22.10.2023 в 23:30,4.40,3.50,1.75
Вис Песаро — Реканатезе,22.10.2023 в 23:30,2.85,3.20,2.40
Сестри-Леванте — Каррарезе,24.10.2023 в 01:30,3.85,3.25,1.95
Ареццо — СПАЛ,24.10.2023 в 01:45,3.05,3.15,2.30
Яссы Туркестан — Акжайык Уральск,19.10.2023 в 16:00,11.50,5.00,1.25
Туран Туркестан — ФК Астана U21,19.10.2023 в 16:00,1.11,7.90,19.00
ФК Экибастуз — Академия Онтустик,19.10.2023 в 16:00,2.05,3.35,3.35
КФ Балкани — Лириа Призрен,20.10.2023 в 18:00,1.27,4.80,11.50
Мьондален ИФ — ИК Старт,21.10.2023 в 20:00,2.50,3.65,2.50
Санднес Улф — Фредрикстад,21.10.2023 в 20:00,4.15,3.85,1.73
ФК Кристиансунн — Осане,21.10.2023 в 20:00,1.70,4.15,4.05
Хедд — Согндал,21.10.2023 в 20:00,2.95,3.50,2.20
Ерв — Конгсвингер,21.10.2023 в 20:00,3.00,3.80,2.05
КФУМ Осло — Рауфосс,22.10.2023 в 20:00,1.90,3.70,3.50
Мосс — Ранхейм,22.10.2023 в 20:00,1.85,3.90,3.50
ФК Брюне — Шейд,22.10.2023 в 20:00,1.38,4.80,6.80
Эммен — Ден Хааг,21.10.2023 в 01:00,1.93,3.70,3.45
Йонг Утрехт — Йонг ПСВ Эйндховен,21.10.2023 в 01:00,2.30,3.60,2.70
Маастрихт — Камбур,21.10.2023 в 01:00,3.40,3.90,1.88
Дордрехт — Йонг Аякс,21.10.2023 в 01:00,1.98,4.05,3.05
Ден Бош — ВВВ-Венло,21.10.2023 в 01:00,2.55,3.60,2.45
Де Графсхап — Гронинген,21.10.2023 в 01:00,2.70,3.55,2.30
Йонг АЗ Алкмаар — ФК Осс,21.10.2023 в 01:00,1.70,4.10,4.00
НАК Бреда — Телстар,21.10.2023 в 01:00,1.45,4.50,5.90
ФК Эйндховен — Хелмонд Спорт,21.10.2023 в 01:00,2.05,3.60,3.20
Рода — Виллем II,22.10.2023 в 01:00,2.05,3.50,3.20
Хробры Глогув — Мотор Люблин,20.10.2023 в 23:00,3.90,3.60,1.82
Висла Краков — Ресовия Жешув,21.10.2023 в 01:30,1.43,4.60,6.20
Сталь Жешув — Заглембе Сосновец,21.10.2023 в 20:00,1.95,3.50,3.50
ГКС Тыхы — Подбескидзе Бельско-Бяла,21.10.2023 в 22:30,2.25,3.35,2.95
Медзь Легница — Висла Плоцк,22.10.2023 в 01:00,2.07,3.45,3.25
Полония Варшава — Лехия Гданьск,22.10.2023 в 17:40,3.00,3.40,2.20
Одра Ополе — Нецеча,22.10.2023 в 20:00,2.13,3.25,3.25
Гурник Ленчна — ГКС Катовице,22.10.2023 в 23:00,2.80,3.25,2.40
Ребордоса — Брага,20.10.2023 в 02:00,24.00,13.00,1.04
Лузитания Асорес — Бенфика,20.10.2023 в 22:30,25.00,14.00,1.04
Ковильян — Портимоненсе,21.10.2023 в 01:00,10.00,5.60,1.25
Вилар Пердизеш — Порту,21.10.2023 в 02:45,40.00,15.00,1.02
Калиш 1925 — Лех Познань 2,20.10.2023 в 23:00,1.43,4.60,6.20
КС Висла Пулавы — Радунья Стенжица,21.10.2023 в 01:30,2.25,3.40,2.90
Хутник Краков — Олимпия Эльблонг,21.10.2023 в 17:00,2.30,3.35,2.90
Стомиль Ольштын — Котвица Колобжег,21.10.2023 в 18:00,2.85,3.40,2.30
Академику Визеу U23 — Спортинг Брага U23,20.10.2023 в 17:00,2.30,3.70,2.65
Риу Аве U23 — Фамаликан U23,20.10.2023 в 17:00,4.15,4.05,1.70
Бенфика U23 — Эстрела Амадора U23,21.10.2023 в 01:00,2.55,3.70,2.40
Чахлэул Пьятра-Нямц — Виторул Селимбар,20.10.2023 в 22:00,2.25,3.10,3.20
Думбрэвица — КСМ Александрия,21.10.2023 в 15:00,1.95,3.35,3.75
Чиксереда Меркуря-Чук — Униря Деж,21.10.2023 в 15:00,1.60,3.70,5.40
Решица — Тунари,21.10.2023 в 15:00,1.95,3.35,3.75
Прогресул Спартак 1944 — Металоглобус Бухарест,21.10.2023 в 15:00,4.20,3.65,1.75
Униря Слобозия — КСА Стяуа Бухарест,21.10.2023 в 15:30,2.40,3.15,2.90
Хунедоара — Киндия Тырговиште,22.10.2023 в 15:00,2.70,3.05,2.60
Вииторул Пандурий Тыргу-Жиу — Миовени,22.10.2023 в 15:00,2.70,3.10,2.55
Погронье — Поважска Быстрица,20.10.2023 в 22:00,2.05,3.55,3.15
Брине Гросупле — Бистрица,20.10.2023 в 20:00,1.95,3.50,3.50
Табор Сежана — Фужинар Равне,20.10.2023 в 20:00,2.55,3.50,2.50
Билье — Крка,20.10.2023 в 20:00,2.60,3.45,2.45
Триглав Крань — Приморье,20.10.2023 в 22:00,3.00,3.35,2.20
Белтинци — Горица,21.10.2023 в 17:45,2.15,3.35,3.20
Эрзурумспор ББ — Кечиоренгюджю Анкара,21.10.2023 в 17:30,2.65,3.30,2.50
Тузласпор — Коджаэлиспор,21.10.2023 в 17:30,2.75,3.25,2.45
Сакарьяспор — Аданаспор,21.10.2023 в 20:00,1.65,3.75,4.80
Гезтепе — Шанлыурфаспор,21.10.2023 в 23:00,1.65,3.60,5.10
Бодрумспор — Бандырмаспор,22.10.2023 в 17:30,2.25,3.25,3.05
Гиресунспор — Болуспор,22.10.2023 в 20:00,2.85,3.20,2.40
Умраниеспор — Маниса,22.10.2023 в 20:00,2.80,3.15,2.45
Чорум Беледиеспор — Эюпспор,22.10.2023 в 23:00,3.95,3.35,1.90
Генчлербирлиги — Алтай,24.10.2023 в 00:00,1.60,3.90,5.00
Оболонь Киев — Заря Луганск,20.10.2023 в 21:00,3.05,3.10,2.50
Металлист 1925 — Кривбасс,20.10.2023 в 23:00,3.65,3.20,2.15
Черноморец Одесса — Минай Ужгород,21.10.2023 в 19:00,1.60,3.95,5.80
Шахтер Донецк — ЛНЗ Лебедин,21.10.2023 в 21:00,1.33,5.30,9.00
Александрия — Колос Ковалевка,21.10.2023 в 23:00,2.50,3.05,3.05
Верес Ровно — Рух Львов,22.10.2023 в 17:00,3.70,3.55,2.00
Динамо Киев — СК Днепр 1,22.10.2023 в 21:00,1.82,3.65,4.40
Гнистан — СИК 2 Сейнейоки,21.10.2023 в 19:00,1.43,4.60,5.90
Орлеан — Ньор,21.10.2023 в 00:30,2.55,3.20,2.65
Мартиг — Шатору,21.10.2023 в 00:30,1.92,3.30,3.85
Версаль — Мариньян,21.10.2023 в 00:30,1.75,3.40,4.70
Эпиналь — Ле Ман,21.10.2023 в 00:30,3.80,3.30,1.93
Ним — Дижон,21.10.2023 в 00:30,2.07,3.45,3.25
ГОАЛ — Нанси,21.10.2023 в 00:30,2.05,3.30,3.45
Сошо — Вильфранш,21.10.2023 в 00:30,2.85,3.20,2.40
Сесвете — Бьело Брдо,20.10.2023 в 20:00,1.90,3.35,3.85
Высочина Йиглава — МФК Вышков,20.10.2023 в 22:00,3.25,3.40,2.07
Пршибрам — Простеев,20.10.2023 в 23:00,1.68,3.70,4.70
Дукла Прага — МФК Хрудим,21.10.2023 в 19:00,1.42,4.50,6.40
Лишень — Спарта 2 Прага,21.10.2023 в 20:30,1.85,3.45,3.95
Опава — МАС Таборско,21.10.2023 в 20:30,1.90,3.50,3.75
Ганацка Славия Кромержиж — Варнсдорф,21.10.2023 в 20:30,2.08,3.40,3.25
Сигма 2 Оломоуц — Селье и Белло Влашим,22.10.2023 в 15:15,2.55,3.30,2.60
Виктория Жижков — Зброевка Брно,22.10.2023 в 15:15,3.85,3.50,1.87
Невшатель Ксамакс — Ньон,21.10.2023 в 00:30,1.67,3.90,4.40
Виль 1900 — Тун,21.10.2023 в 01:15,2.65,3.70,2.30
Баден — Сьон,21.10.2023 в 23:00,5.60,4.20,1.50
ФК Вадуц — Арау,22.10.2023 в 19:15,2.25,3.65,2.75
Беллинцона — ФК Шаффхаузен,22.10.2023 в 19:15,2.50,3.55,2.50
ГАИС — Эстерсунд,21.10.2023 в 18:00,1.40,4.60,7.00
Хельсингборг — Ефле,21.10.2023 в 20:00,1.52,4.20,5.30
Ладскруна БоИС — Вестерос,22.10.2023 в 18:00,3.90,3.95,1.75
Браге — АФК Эскильстуна,22.10.2023 в 20:00,1.70,3.80,4.50
Эргрюте — Треллеборг,22.10.2023 в 20:00,1.78,3.85,3.85
Олимпик Мальме — Норрбю,21.10.2023 в 18:00,2.55,3.50,2.45
Твокерс — Лундс БК,21.10.2023 в 18:00,3.10,3.55,2.10
Эскилсминне — Ахлафорс,21.10.2023 в 21:00,1.65,3.85,4.70
Ариана — Оддевольд,21.10.2023 в 21:00,3.75,3.65,1.85
АИК Оскарсхамнс — Фалькенберг,22.10.2023 в 20:00,6.50,4.60,1.40
Отвидаберг — Юнгшиле,22.10.2023 в 21:00,2.08,3.50,3.20
ФК Тролльхеттан — Энгельхолмс,22.10.2023 в 22:00,1.25,5.50,11.00
Соллентуна — Тебю,21.10.2023 в 18:00,1.58,4.15,4.80
ИФК Стоксунд — Стокгольм Интернационале,21.10.2023 в 21:00,2.90,3.70,2.15
Эребру Сюрианска — Сандвикен,21.10.2023 в 21:00,5.70,4.50,1.45
ИФ Карлстад — Боден,22.10.2023 в 18:00,1.75,3.85,4.05
Хаммарбю Таланг — Юнайтед Нордик,22.10.2023 в 18:00,3.50,3.70,1.90
Питео — Васалунд,22.10.2023 в 20:30,3.50,3.75,1.90
Сильвия — Умео,22.10.2023 в 20:30,3.20,3.75,2.00
Мутала — Далкурд,22.10.2023 в 21:00,3.95,3.85,1.75
Эйрдрионианс — Куинс Парк,21.10.2023 в 01:45,2.15,3.65,2.90
Данфермлин — Эйр Юнайтед,21.10.2023 в 21:00,1.85,3.60,3.75
Гринок Мортон — Инвернесс,21.10.2023 в 21:00,2.12,3.40,3.15
Партик Тисл — Данди Юнайтед,21.10.2023 в 21:00,2.75,3.45,2.35
Арброт — Рэйт Роверс,21.10.2023 в 21:00,2.40,3.20,2.85
Аннан Атлетик — Куин оф Саут,21.10.2023 в 21:00,2.55,3.55,2.45
Коув Рейнджерс — Монтроуз,21.10.2023 в 21:00,1.80,3.75,3.80
Стерлинг Альбион — Фалкирк,21.10.2023 в 21:00,4.80,4.10,1.60
Аллоа Атлетик — Келти Хартс,21.10.2023 в 21:00,2.10,3.50,3.10
Гамильтон Академикал — Эдинбург Сити,21.10.2023 в 21:00,1.20,6.10,12.00
Стенхаусмюир — Питерхед,21.10.2023 в 21:00,2.20,3.45,3.00
Ист Файф — ФК Странрар,21.10.2023 в 21:00,2.13,3.35,3.20
Элгин Сити — Форфар,21.10.2023 в 21:00,2.65,3.40,2.45
Бонниригг Роуз — Клайд,21.10.2023 в 21:00,1.67,3.65,4.80
Спартанс Эдинбург — Дамбартон,21.10.2023 в 21:00,2.15,3.50,3.05
Калали — Аль-Будайя,19.10.2023 в 23:00,3.40,3.30,2.05
Малькия — Аль-Иттихад,19.10.2023 в 23:00,2.00,3.25,3.70
А'Али — Аль-Иттифак Макаба,19.10.2023 в 23:00,1.68,3.70,4.60
Этихад Аль-Риф — Аль-Тадамун Бури,20.10.2023 в 23:00,2.75,3.35,2.40
СК Бахрейн — Бури,20.10.2023 в 23:00,1.45,4.30,6.40
Умм Аль-Хассам — Иса Таун,20.10.2023 в 23:00,2.30,3.35,2.85
КФКИ U23 — Салаетте,19.10.2023 в 13:30,2.45,3.70,2.50
Персипал Бабель Юнайтед — Персиба Баликпапан,19.10.2023 в 14:00,1.48,4.05,6.30
Калтенг Путра — Сулут Юнайтед,19.10.2023 в 15:00,1.83,3.35,4.20
Сервисис — Пондичерри,19.10.2023 в 17:00,1.11,8.00,17.00
Бангалор — Реал Чиккамагалуру,19.10.2023 в 15:00,1.11,9.00,15.00
Бангалор 2 — Рутс,19.10.2023 в 17:00,1.60,4.20,4.60
Абдыш-Ата — Мурас Юнайтед,19.10.2023 в 16:30,1.47,4.20,6.00
Аль-Мархия — Аль-Шамаль,20.10.2023 в 21:30,2.60,3.55,2.40
Аль-Ахли Доха — Катар СК,21.10.2023 в 21:30,3.15,3.75,2.00
Умм-Салаль — Аль-Райян,21.10.2023 в 23:30,4.40,3.85,1.68
Мтибва Шуга — Кагера Шуга,19.10.2023 в 20:00,2.20,2.80,3.70
Пхрае Юнайтед — Краби,20.10.2023 в 18:00,1.55,3.80,6.00
Чхонан Сити — Соннам,21.10.2023 в 11:30,3.25,3.30,2.15
Пучхон 1995 — Аньан,21.10.2023 в 14:00,2.40,3.30,2.75
Чунгнам Асан — Пусан Ай Парк,21.10.2023 в 16:30,3.80,3.25,1.95
Кимпхо Ситизен — Чоннам Дрэгонз,22.10.2023 в 11:30,2.25,3.10,3.15
ФК Чхонджу — Кеннам,22.10.2023 в 14:00,2.60,3.20,2.60
Ансан Гринерс — Кимчхон Санму,22.10.2023 в 16:30,5.70,4.40,1.47
Хвасон — Пхочхон Ситизен,21.10.2023 в 12:00,1.65,3.50,5.40
Олл Бойз (р) — Депортиво Фландрия (р),20.10.2023 в 01:00,1.75,3.50,4.40
Архентино Кильмес (р) — Нуэва Чикаго (р),20.10.2023 в 01:30,2.12,3.35,3.20
Темперлей (р) — Тристан Суарес (р),20.10.2023 в 02:00,1.70,3.70,4.40
Альмиранте Браун (р) — Эстудиантес Буэнос-Айрес (р),20.10.2023 в 02:00,2.45,3.35,2.70
Годой-Крус (р) — Тигре (р),19.10.2023 в 21:00,4.60,3.45,1.75
Бельграно (р) — Ланус (р),19.10.2023 в 21:00,1.97,3.30,3.70
Ньюэллс Олд Бойз (р) — Платенсе (р),19.10.2023 в 21:00,2.15,3.30,3.15
Сан-Лоренсо Альмагро (р) — Сармьенто Хунин (р),19.10.2023 в 21:00,2.60,3.20,2.65
Унион Санта-Фе (р) — Сентраль Кордоба СдЕ (р),19.10.2023 в 21:00,1.97,3.25,3.80
Эстудиантес Ла-Плата (р) — Бока Хуниорс (р),19.10.2023 в 21:00,2.95,3.10,2.40
Томбенсе — Вила Нова,20.10.2023 в 05:00,2.85,2.85,2.65
Атлетико Гоияненсе — АБС Натал,20.10.2023 в 05:00,1.33,4.40,10.00
Сампайо Корреа Мараньян — Витория Салвадор,21.10.2023 в 05:00,2.60,2.75,3.00
Спорт Ресифе — Шапекоенсе,21.10.2023 в 07:30,1.47,3.90,7.00
Мирасол — Гуарани,21.10.2023 в 07:30,1.75,3.25,5.10
Регатас — Крисиума,22.10.2023 в 03:00,1.95,3.10,4.10
Ботафого Сан-Паулу — Новоризонтино,22.10.2023 в 03:00,3.00,2.95,2.45
Жувентуде — Лондрина,22.10.2023 в 03:59,1.38,4.00,9.50
Аваи — Сеара Форталеза,23.10.2023 в 03:59,2.40,3.05,2.90
КСД Комуникасьонес — Депортиво Антигуа,21.10.2023 в 06:00,1.77,3.55,4.30
Малакатеко — Депортиво Микско,21.10.2023 в 08:00,1.63,3.70,5.00
Депортиво Виктория Ла-Сейба — Реал Сосьедад Токоа,20.10.2023 в 06:00,2.45,3.15,2.80
Реал Эспана — Марафон,20.10.2023 в 08:00,2.40,3.25,2.80
Форталеса Сипакира — Леонес,23.10.2023 в 02:00,1.37,4.60,7.40
Реал Картахена — Бока Хуниорс Кали,23.10.2023 в 06:00,2.02,3.35,3.45
Венадос — Атлетико Морелия,20.10.2023 в 10:05,2.13,3.30,3.25
Коррекаминос 2 — Симарронес 2 Сонора,20.10.2023 в 23:00,2.17,3.40,3.10
Пуэбла U23 — Гвадалахара U23,20.10.2023 в 22:00,2.20,3.40,2.95
Атлас U23 — Масатлан U23,20.10.2023 в 22:00,1.63,4.15,4.40
Сан-Франциско — Эррера,20.10.2023 в 06:00,2.45,3.00,2.90
Спортинг Сан Мигелито — Альянса Панама,20.10.2023 в 08:00,1.88,3.20,4.15
Мунисипаль Лимено — Онсе Депортиво Ауачапан,20.10.2023 в 07:00,2.30,3.40,2.85
ФАС — Фуэрте Сан-Франсиско,20.10.2023 в 08:00,2.05,3.30,3.45
Аруа Хилл — ФК Гаддафи,19.10.2023 в 20:00,2.70,3.05,2.60
Бусога Юнайтед — Мбарара Сити,19.10.2023 в 20:00,2.17,3.10,3.35
Мьявади — Аеявади Юнайтед,20.10.2023 в 16:00,2.00,3.75,3.20
Эфиопиан Медхин — Волаита Дича,19.10.2023 в 19:00,2.45,2.80,3.20
Сидама Бунна — Фасил Кенема,19.10.2023 в 22:00,3.45,2.85,2.30
Хадия Хоссана — Волките Кетема,20.10.2023 в 19:00,2.20,2.95,3.40
Ст. Джордж — Шашэмэнне Кенема,20.10.2023 в 22:00,1.50,3.70,7.10
Кранборне Буллетс — Булавайо Чивс,19.10.2023 в 20:00,2.90,3.00,2.30
Параду U21 — МК Оран U21,19.10.2023 в 21:00,1.25,5.20,12.00
ЕС Сетиф U21 — ЖС Кабили U21,19.10.2023 в 22:00,2.25,3.30,3.00
ФК Краснодар (ж) — Рубин Казань (ж),19.10.2023 в 21:00,1.80,3.60,4.10
Аделаида Юнайтед (ж) — Сентрал Кост Маринерс (ж),20.10.2023 в 13:00,1.97,3.90,3.15
Мельбурн Сити (ж) — Канберра Юнайтед (ж),21.10.2023 в 10:45,1.50,4.80,5.00
Брисбен Роар (ж) — ФК Сидней (ж),21.10.2023 в 12:00,6.10,4.60,1.43
Вестерн Юнайтед (ж) — Мельбурн Виктори (ж),22.10.2023 в 12:00,2.00,3.85,3.15
Перт Глори (ж) — Ньюкасл Джетс (ж),22.10.2023 в 13:00,1.75,4.10,3.75
Вестерн Сидней Уондерерс (ж) — Веллингтон Феникс (ж),22.10.2023 в 13:45,2.02,3.65,3.20
Роял Рейнджерс (ж) — Сигнече (ж),19.10.2023 в 16:30,1.85,4.70,3.00
Роял Куинс (ж) — Сасоль Ювентус (ж),19.10.2023 в 14:00,2.03,4.20,2.85
Иксиас (ж) — УКТ (ж),19.10.2023 в 17:30,3.50,4.20,1.80
